Product Id,Plant Id
FP3200P5433T,P1237
FP3200P5441T,P1237
FP3200P5442T,P1237
FP3200P5446T,P1237
FP3200P5448T,P1237
FP3200P5449T,P1237
FP3200P5464T,P1237
FP3200P5466T,P1237
FP3200P5476T,P1237
FP3200P5483T,P1237
FP3200P5511T,P1237
FP3200P5520T,P1237
FP3200P5521T,P1237
FP3200P5525T,P1237
FP3200P5526T,P1237
FP3200P5536T,P1237
FP3200P5540T,P1237
FP3200P5551T,P1237
FP3200P5552T,P1237
FP3200P5555T,P1237
FP3200P5557T,P1237
FP3200P5559T,P1237
FP3200P5561T,P1237
FP3200P5562T,P1237
FP3200P5564T,P1237
FP3200P5573T,P1237
FP3200P5575T,P1237
FP3200P5576T,P1237
FP3200P5582T,P1237
FP3200P5588T,P1237
FP3200P5589T,P1237
FP3200P5591T,P1237
FP3200P5593T,P1237
FP3200P5594T,P1237
FP3200P5595T,P1237
FP3200P5596T,P1237
FP3200P5597T,P1237
FP3200P5598T,P1237
FP3200P5600T,P1237
FP3200P5602T,P1237
FP3200P5603T,P1237
FP3200P5604T,P1237
FP3200P5607T,P1237
FP3200P5608T,P1237
FP3200P5612T,P1237
FP3200P5616T,P1237
FP3200P5617T,P1237
FP3200P5618T,P1237
FP3200P5622T,P1237
FP3200P5623T,P1237
FP3200P5624T,P1237
FP3200P5625T,P1237
FP3200P5627T,P1237
FP3200P5630T,P1237
FP3200P5633T,P1237
FP3200P5640T,P1237
FP3200P5648T,P1237
FP3200P5649T,P1237
FP3200P5653T,P1237
FP3200P5654T,P1237
FP3200P5658T,P1237
FP3200P5659T,P1237
FP3200P5661T,P1237
FP3200P5663T,P1237
FP3200P5665T,P1237
FP3200P5666T,P1237
FP3200P5672T,P1237
FP3200P5675T,P1237
FP3200P5677T,P1237
FP3200P5682T,P1237
FP3200P5685T,P1237
FP3200P5692T,P1237
FP3200P5697T,P1237
FP3200P5698T,P1237
FP3200P5699T,P1237
FP3200P5700T,P1237
FP3200P5718T,P1237
FP3200P5719T,P1237
FP3200P5721T,P1237
FP3200P5722T,P1237
FP3200P5724T,P1237
FP3200P5728T,P1237
FP3200P5730T,P1237
FP3200P5733T,P1237
FP3200P5734T,P1237
FP3200P5737T,P1237
FP3200P5738T,P1237
FP3200P5739T,P1237
FP3200P5740T,P1237
FP3200P5750T,P1237
FP3200P5758T,P1237
FP3200P5762T,P1237
FP3200P5763T,P1237
FP3200P5764T,P1237
FP3200P5765T,P1237
FP3200P5775T,P1237
FP3200P5785T,P1237
FP3200P5786T,P1237
FP3200P5789T,P1237
FP3200P5793T,P1237
FP3200P5799T,P1237
FP3200P5800T,P1237
FP3200P5801T,P1237
FP3200P5802T,P1237
FP3200P5805T,P1237
FP3200P5806T,P1237
FP3200P5807T,P1237
FP3200P5810T,P1237
FP3200P5811T,P1237
FP3200P5812T,P1237
FP3200P5813T,P1237
FP3200P5815T,P1237
FP3200P5820T,P1237
FP3200P5823T,P1237
FP3200P5837T,P1237
FP3200P5838T,P1237
FP3200P5840T,P1237
FP3200P5848T,P1237
FP3200P5849T,P1237
FP3200P5850T,P1237
FP3200P5853T,P1237
FP3200P5858T,P1237
FP3200P5859T,P1237
FP3200P5860T,P1237
FP3200P5862T,P1237
FP3200P5863T,P1237
FP3200P5870T,P1237
FP3200P5872T,P1237
FP3200P5877T,P1237
FP3200P5878T,P1237
FP3200P5880T,P1237
FP3200P5892T,P1237
FP3200P5893T,P1237
FP3200P5897T,P1237
FP3200P5898T,P1237
FP3200P5903T,P1237
FP3200P5906T,P1237
FP3200P5907T,P1237
FP3200P5949T,P1237
FP3200P5950T,P1237
FP3200P5951T,P1237
FP3200P5954T,P1237
FP3200P5955T,P1237
FP3200P5969T,P1237
FP3200P5971T,P1237
FP3200P5972T,P1237
FP3200P5974T,P1237
FP3200P5978T,P1237
FP3200P5979T,P1237
FP3200P5986T,P1237
FP3200P5994T,P1237
FP3200P5996T,P1237
FP3200P5997T,P1237
FP3200P5998T,P1237
FP3200P5999T,P1237
FP3200P6007T,P1237
FP3200P6008T,P1237
FP3200P6012T,P1237
FP3200P6015T,P1237
FP3200P6016T,P1237
FP3200P6018T,P1237
FP3200P6019T,P1237
FP3200P6021T,P1237
FP3200P6022T,P1237
FP3200P6023T,P1237
FP3200P6024T,P1237
FP3200P6032T,P1237
FP3200P6034T,P1237
FP3200P6035T,P1237
FP3200P6038T,P1237
FP3200P6039T,P1237
FP3200P6043T,P1237
FP3200P6046T,P1237
FP3200P6047T,P1237
FP3200P6049T,P1237
FP3200P6050T,P1237
FP3200P6051T,P1237
FP3200P6062T,P1237
FP3200P6065T,P1237
FP3200P6068T,P1237
FP3200P6073T,P1237
FP3200P6076T,P1237
FP3200P6077T,P1237
FP3200P6080T,P1237
FP3200P6081T,P1237
FP3200P6082T,P1237
FP3200P6083T,P1237
FP3200P6090T,P1237
FP3200P6093T,P1237
FP3200P6094T,P1237
FP3200P6095T,P1237
FP3200P6096T,P1237
FP3200P6100T,P1237
FP3200P6102T,P1237
FP3200P6104T,P1237
FP3200P6107T,P1237
FP3200P6109T,P1237
FP3200P6110T,P1237
FP3200P6117T,P1237
FP3200P6118T,P1237
FP3200P6119T,P1237
FP3200P6120T,P1237
FP3200P6121T,P1237
FP3200P6122T,P1237
FP3200P6123T,P1237
FP3200P6124T,P1237
FP3200P6128T,P1237
FP3200P6129T,P1237
FP3200P6130T,P1237
FP3200P6131T,P1237
FP3200P6132T,P1237
FP3200P6133T,P1237
FP3200P6134T,P1237
FP3200P6135T,P1237
FP3200P6136T,P1237
FP3200P6138T,P1237
FP3200P6139T,P1237
FP3200P6140T,P1237
FP3200P6141T,P1237
FP3200P6142T,P1237
FP3200P6147T,P1237
FP3200P6148T,P1237
FP3200P6152T,P1237
FP3200P6154T,P1237
FP3200P6156T,P1237
FP3200P6162T,P1237
FP3200P6182T,P1237
FP3200P6183T,P1237
FP3200P6184T,P1237
FP3200P6185T,P1237
FP3200P6187T,P1237
FP3200P6189T,P1237
FP3200P6191T,P1237
FP3200P6199T,P1237
FP3200P6205T,P1237
FP3200P6206T,P1237
FP3200P6210T,P1237
FP3200P6213T,P1237
FP3200P6220T,P1237
FP3200P6667T,P1237
FP3200P6669T,P1237
FP3200P6671T,P1237
FP3200P6676T,P1237
FP3200P6677T,P1237
FP3200P6681T,P1237
FP3200P6684T,P1237
FP3200P6685T,P1237
FP3200P6693T,P1237
FP3200P6694T,P1237
FP3200P6704T,P1237
FP3200P6705T,P1237
FP3200P6706T,P1237
FP3200P6708T,P1237
FP3200P6709T,P1237
FP3200P6711T,P1237
FP3200P6717T,P1237
FP3200P6718T,P1237
FP3200P6721T,P1237
FP3200P6722T,P1237
FP3200P6723T,P1237
FP3200P6724T,P1237
FP3200P6735T,P1237
FP3200P6739T,P1237
FP3200P6740T,P1237
FP3200P6741T,P1237
FP3200P6742T,P1237
FP3200P6743T,P1237
FP3200P6744T,P1237
FP3200P6747T,P1237
FP3200P6750T,P1237
FP3200P6751T,P1237
FP3200P6755T,P1237
FP3200P6767T,P1237
FP3200P6779T,P1237
FP3200P6780T,P1237
FP3200P6791T,P1237
FP3200P6792T,P1237
FP3200P6795T,P1237
FP3200P6796T,P1237
FP3200P6800T,P1237
FP3200P6801T,P1237
FP3200P6802T,P1237
FP3200P6803T,P1237
FP3200P6804T,P1237
FP3200P6810T,P1237
FP3200P6811T,P1237
FP3200P6812T,P1237
FP3200P6813T,P1237
FP3200P6814T,P1237
FP3200P6816T,P1237
FP3200P6818T,P1237
FP3200P6819T,P1237
FP3200P6820T,P1237
FP3200P6821T,P1237
FP3200P6822T,P1237
FP3200P6823T,P1237
FP3200P6824T,P1237
FP3200P6825T,P1237
FP3200P6826T,P1237
FP3200P6827T,P1237
FP3200P6828T,P1237
FP3200P6829T,P1237
FP3200P6830T,P1237
FP3200P6831T,P1237
FP3200P6832T,P1237
FP3200P6833T,P1237
FP3200P6834T,P1237
FP3200P6835T,P1237
FP3200P6837T,P1237
FP3200P6838T,P1237
FP3200P6839T,P1237
FP3200P6850T,P1237
FP3200P6851T,P1237
FP3200P6858T,P1237
FP3200P6859T,P1237
FP3200P6861T,P1237
FP3200P6872T,P1237
FP3200P6873T,P1237
FP3200P6874T,P1237
FP3200P6875T,P1237
FP3200P6876T,P1237
FP3200P6877T,P1237
FP3200P6878T,P1237
FP3200P6879T,P1237
FP3200P6880T,P1237
FP3200P6881T,P1237
FP3200P6884T,P1237
FP3200P6886T,P1237
FP3200P6893T,P1237
FP3200P6894T,P1237
FP3200P6895T,P1237
FP3200P6896T,P1237
FP3200P6897T,P1237
FP3200P6898T,P1237
FP3200P6900T,P1237
FP3200P6901T,P1237
FP3200P6917T,P1237
FP3200P6918T,P1237
FP3200P6919T,P1237
FP3200P6920T,P1237
FP3200P6921T,P1237
FP3200P6923T,P1237
FP3200P6924T,P1237
FP3200P6925T,P1237
FP3200P6926T,P1237
FP3200P6927T,P1237
FP3200P6928T,P1237
FP3200P6929T,P1237
FP3200P6930T,P1237
FP3200P6931T,P1237
FP3200P6932T,P1237
FP3200P6933T,P1237
FP3200P6936T,P1241
FP3200P6939T,P1241
FP3200P6940T,P1241
FP3200P6941T,P1241
FP3200P6942T,P1241
FP3200P6943T,P1241
FP3200P6944T,P1241
FP3200P6948T,P1241
FP3200P6949T,P1241
FP3200P6950T,P1241
FP3200P6951T,P1241
FP3200P6952T,P1241
FP3200P6953T,P1241
FP3200P6954T,P1241
FP3200P6955T,P1241
FP3200P6956T,P1241
FP3200P6965T,P1241
FP3200P6968T,P1241
FP3200P6969T,P1241
FP3200P6970T,P1241
FP3200P6971T,P1241
FP3200P6972T,P1241
FP3200P6973T,P1241
FP3200P6974T,P1241
FP3200P6975T,P1241
FP3200P6976T,P1241
FP3200P6977T,P1241
FP3200P6978T,P1241
FP3200P6979T,P1241
FP3200P6980T,P1241
FP3200P6981T,P1241
FP3200P6982T,P1241
FP3200P6983T,P1241
FP3200P6984T,P1241
FP3200P6985T,P1241
FP3200P6986T,P1241
FP3200P6988T,P1241
FP3200P6991T,P1241
FP3200P6992T,P1241
FP3200P6993T,P1241
FP3200P6994T,P1241
FP3200P6995T,P1241
FP3200P6996T,P1241
FP3200P6997T,P1241
FP3200P7001T,P1241
FP3200P7003T,P1241
FP3200P7004T,P1241
FP3200P7005T,P1241
FP3200P7010T,P1241
FP3200P7011T,P1241
FP3200P7012T,P1241
FP3200P7015T,P1241
FP3200P7016T,P1241
FP3200P7019T,P1241
FP3200P7020T,P1241
FP3200P7025T,P1241
FP3200P7026T,P1241
FP3200P7029T,P1241
FP3200P7030T,P1241
FP3200P7032T,P1241
FP3200P7034T,P1241
FP3200P7035T,P1241
FP3200P7036T,P1241
FP3200P7037T,P1241
FP3200P7043T,P1241
FP3200P7054T,P1241
FP3200P7067T,P1241
FP3200P7075T,P1241
FP3200P7078T,P1241
FP3200P7079T,P1241
FP3200P7081T,P1241
FP3200P7083T,P1241
FP3200P7084T,P1241
FP3200P7085T,P1241
FP3200P7091T,P1241
FP3200P7092T,P1241
FP3200P7093T,P1241
FP3200P7094T,P1241
FP3200P7096T,P1241
FP3200P7098T,P1241
FP3200P7101T,P1241
FP3200P7102T,P1241
FP3200P7104T,P1241
FP3200P7105T,P1241
FP3200P7106T,P1241
FP3200P7108T,P1241
FP3200P7109T,P1241
FP3200P7111T,P1241
FP3200P7113T,P1241
FP3200P7115T,P1241
FP3200P7116T,P1241
FP3200P7117T,P1241
FP3200P7123T,P1241
FP3200P7124T,P1241
FP3200P7126T,P1241
FP3200P7127T,P1241
FP3200P7128T,P1241
FP3200P7129T,P1241
FP3200P7130T,P1241
FP3200P7132T,P1241
FP3200P7133T,P1241
FP3200P7135T,P1241
FP3200P7136T,P1241
FP3200P7137T,P1241
FP3200P7138T,P1241
FP3200P7139T,P1241
FP3200P7140T,P1241
FP3200P7141T,P1241
FP3200P7142T,P1241
FP3200P7143T,P1241
FP3200P7145T,P1241
FP3200P7147T,P1241
FP3200P7148T,P1241
FP3200P7150T,P1241
FP3200P7152T,P1241
FP3200P7153T,P1241
FP3200P7155T,P1241
FP3200P7156T,P1241
FP3200P7160T,P1241
FP3200P7161T,P1241
FP3200P7162T,P1241
FP3200P7163T,P1241
FP3200P7164T,P1241
FP3200P7165T,P1241
FP3200P7166T,P1241
FP3200P7168T,P1241
FP3200P7170T,P1241
FP3200P7171T,P1241
FP3200P7172T,P1241
FP3200P7173T,P1241
FP3200P7174T,P1241
FP3200P7178T,P1241
FP3200P7179T,P1241
FP3200P7180T,P1241
FP3200P7181T,P1241
FP3200P7183T,P1241
FP3200P7184T,P1241
FP3200P7186T,P1241
FP3200P7187T,P1241
FP3200P7190T,P1241
FP3200P7193T,P1241
FP3200P7204T,P1241
FP3200P7206T,P1241
FP3200P7207T,P1241
FP3200P7208T,P1241
FP3200P7210T,P1241
FP3200P7211T,P1241
FP3200P7213T,P1241
FP3200P7214T,P1241
FP3200P7215T,P1241
FP3200P7217T,P1241
FP3200P7220T,P1241
FP3200P7222T,P1241
FP3200P7223T,P1241
FP3200P7224T,P1241
FP3200P7225T,P1241
FP3200P7226T,P1241
FP3200P7227T,P1241
FP3200P7228T,P1241
FP3200P7234T,P1241
FP3200P7236T,P1241
FP3200P7241T,P1241
FP3200P7242T,P1241
FP3200P7243T,P1241
FP3200P7245T,P1241
FP3200P7251T,P1241
FP3200P7258T,P1241
FP3200P7259T,P1241
FP3200P7260T,P1241
FP3200P7261T,P1241
FP3200P7264T,P1241
FP3200P7275T,P1241
FP3200P7278T,P1241
FP3200P7279T,P1241
FP3200P7280T,P1241
FP3200P7282T,P1241
FP3200P7284T,P1241
FP3200P7286T,P1241
FP3200P7293T,P1241
FP3200P7294T,P1241
FP3200P7295T,P1241
FP3200P7297T,P1241
FP3200P7298T,P1241
FP3200P7303T,P1241
FP3200P7304T,P1241
FP3200P7305T,P1241
FP3200P7306T,P1241
FP3200P7309T,P1241
FP3200P7312T,P1241
FP3200P7315T,P1241
FP3200P7316T,P1241
FP3200P7318T,P1241
FP3200P7322T,P1241
FP3200P7323T,P1241
FP3200P7331T,P1241
FP3200P7338T,P1241
FP3200P7339T,P1241
FP3200P7343T,P1241
FP3200P7344T,P1241
FP3200P7345T,P1241
FP3200P7346T,P1241
FP3200P7347T,P1241
FP3200P7353T,P1241
FP3200P7355T,P1241
FP3200P7358T,P1241
FP3200P7360T,P1241
FP3200P7362T,P1241
FP3200P7363T,P1241
FP3200P7364T,P1241
FP3200P7365T,P1241
FP3200P7366T,P1241
FP3200P7370T,P1241
FP3200P7371T,P1241
FP3200P7372T,P1241
FP3200P7374T,P1241
FP3200P7383T,P1241
FP3200P7387T,P1241
FP3200P7389T,P1241
FP3200P7394T,P1241
FP3200P7395T,P1241
FP3200P7396T,P1241
FP3200P7397T,P1241
FP3200P7398T,P1241
FP3200P7399T,P1241
FP3200P7400T,P1241
FP3200P7401T,P1241
FP3200P7402T,P1241
FP3200P7403T,P1241
FP3200P7404T,P1241
FP3200P7405T,P1241
FP3200P7406T,P1241
FP3200P7407T,P1241
FP3200P7408T,P1241
FP3200P7410T,P1241
FP3200P7411T,P1241
FP3200P7415T,P1241
FP3200P7416T,P1241
FP3200P7417T,P1241
FP3200P7418T,P1241
FP3200P7419T,P1241
FP3200P7420T,P1241
FP3200P7421T,P1241
FP3200P7423T,P1241
FP3200P7425T,P1241
FP3200P7431T,P1241
FP3200P7475T,P1241
FP3200P7476T,P1241
FP3200P7477T,P1241
FP3200P7478T,P1241
FP3200P7479T,P1241
FP3200P7489T,P1241
FP3200P7490T,P1241
FP3200P7491T,P1241
FP3200P7492T,P1241
FP3200P7493T,P1241
FP3200P7495T,P1241
FP3200P7496T,P1241
FP3200P7497T,P1241
FP3200P7498T,P1241
FP3200P7499T,P1241
FP3200P7507T,P1241
FP3200P7509T,P1241
FP3200P7510T,P1241
FP3200P7511T,P1241
FP3200P7512T,P1241
FP3200P7513T,P1241
FP3200P7514T,P1241
FP3200P7515T,P1241
FP3200P7516T,P1241
FP3200P7517T,P1241
FP3200P7518T,P1241
FP3200P7519T,P1241
FP3200P7520T,P1241
FP3200P7521T,P1241
FP3200P7522T,P1241
FP3200P7526T,P1241
FP3200P7527T,P1241
FP3200P7530T,P1241
FP3200P7531T,P1241
FP3200P7532T,P1241
FP3200P7533T,P1241
FP3200P7534T,P1241
FP3200P7540T,P1241
FP3200P7541T,P1241
FP3200P7542T,P1241
FP3200P7543T,P1241
FP3200P7544T,P1241
FP3200P7545T,P1241
FP3200P7547T,P1241
FP3200P7548T,P1241
FP3200P7549T,P1241
FP3200P7550T,P1241
FP3200P7551T,P1241
FP3200P7552T,P1241
FP3200P7553T,P1241
FP3200P7559T,P1241
FP3200P7564T,P1241
FP3200P7565T,P1241
FP3200P7566T,P1241
FP3200P7567T,P1241
FP3200P7568T,P1241
FP3200P7569T,P1241
FP3200P7570T,P1241
FP3200P7572T,P1241
FP3200P7573T,P1241
FP3200P7578T,P1241
FP3200P7582T,P1241
FP3200P7583T,P1241
FP3200P7584T,P1241
FP3200P7585T,P1241
FP3200P7586T,P1241
FP3200P7588T,P1241
FP3200P7589T,P1241
FP3200P7590T,P1241
FP3200P7591T,P1241
FP3200P7593T,P1241
FP3200P7594T,P1241
FP3200P7601T,P1241
FP3200P7602T,P1241
FP3200P7604T,P1241
FP3200P7616T,P1241
FP3200P7617T,P1241
FP3200P7619T,P1241
FP3200P7628T,P1241
FP3200P7629T,P1241
FP3200P7630T,P1241
FP3200P7632T,P1241
FP3200P7633T,P1241
FP3200P7634T,P1241
FP3200P7635T,P1241
FP3200P7636T,P1241
FP3200P7638T,P1241
FP3200P7645T,P1241
FP3200P7646T,P1241
FP3200P7647T,P1241
FP3200P7649T,P1241
FP3200P7650T,P1241
FP3200P7651T,P1241
FP3200P7653T,P1241
FP3200P7654T,P1241
FP3200P7657T,P1241
FP3200P7658T,P1241
FP3200P7659T,P1241
FP3200P7661T,P1241
FP3200P7671T,P1241
FP3200P7675T,P1241
FP3200P7676T,P1241
FP3200P7677T,P1241
FP3200P7680T,P1241
FP3200P7681T,P1241
FP3200P7682T,P1241
FP3200P7685T,P1241
FP3200P7686T,P1241
FP3200P7688T,P1241
FP3200P7689T,P1241
FP3200P7690T,P1241
FP3200P7693T,P1241
FP3200P7694T,P1241
FP3200P7701T,P1241
FP3200P7703T,P1241
FP3200P7704T,P1241
FP3200P7705T,P1241
FP3200P7706T,P1241
FP3200P7707T,P1241
FP3200P7710T,P1241
FP3200P7713T,P1241
FP3200P7716T,P1241
FP3200P7718T,P1241
FP3200P7723T,P1241
FP3200P7724T,P1241
FP3200P7725T,P1241
FP3200P7727T,P1241
FP3200P7729T,P1241
FP3200P7730T,P1241
FP3200P7732T,P1241
FP3200P7734T,P1241
FP3200P7739T,P1241
FP3200P7740T,P1241
FP3200P7741T,P1241
FP3200P7744T,P1241
FP3200P7751T,P1241
FP3200P7752T,P1241
FP3200P7753T,P1241
FP3200P7759T,P1241
FP3200P7768T,P1241
FP3200P7772T,P1241
FP3200P7773T,P1241
FP3200P7774T,P1241
FP3200P7775T,P1241
FP3200P7777T,P1241
FP3200P7779T,P1241
FP3200P7780T,P1241
FP3200P7789T,P1241
FP3200P7790T,P1241
FP3200P7796T,P1241
FP3200P7800T,P1241
FP3200P7801T,P1241
FP3200P7802T,P1241
FP3200P7803T,P1241
FP3200P7805T,P1241
FP3200P7807T,P1241
FP3200P7808T,P1241
FP3200P7809T,P1241
FP3200P7810T,P1241
FP3200P7811T,P1241
FP3200P7812T,P1241
FP3200P7813T,P1241
FP3200P7814T,P1241
FP3200P7815T,P1241
FP3200P7816T,P1241
FP3200P7817T,P1241
FP3200P7819T,P1241
FP3200P7820T,P1241
FP3200P7821T,P1241
FP3200P7826T,P1241
FP3200P7828T,P1241
FP3200P7829T,P1241
FP3200P7830T,P1241
FP3200P7831T,P1241
FP3200P7832T,P1241
FP3200P7833T,P1241
FP3200P7834T,P1241
FP3200P7835T,P1241
FP3200P7836T,P1241
FP3200P7849T,P1241
FP3200P7854T,P1241
FP3200P7855T,P1241
FP3200P8338T,P1241
FP3200P8342T,P1241
FP3200P8345T,P1241
FP3200P8347T,P1241
FP3200P8348T,P1241
FP3200P8350T,P1241
FP3200P8352T,P1241
FP3200P8357T,P1241
FP3200P8358T,P1241
FP3200P8360T,P1241
FP3200P8364T,P1241
FP3200P8365T,P1241
FP3200P8366T,P1241
FP3200P8368T,P1241
FP3200P8375T,P1241
FP3200P8377T,P1241
FP3200P8378T,P1241
FP3200P8387T,P1241
FP3200P8389T,P1241
FP3200P8394T,P1241
FP3200P8395T,P1241
FP3200P8401T,P1241
FP3200P8402T,P1241
FP3200P8403T,P1241
FP3200P8404T,P1241
FP3200P8536T,P1241
FP3200P8537T,P1241
FP3200P8539T,P1241
FP3200P8549T,P1241
FP3200P8553T,P1241
FP3200P8557T,P1241
FP3200P8564T,P1241
FP3200P8568T,P1241
FP3200P8575T,P1241
FP3200P8577T,P1241
FP3200P8578T,P1241
FP3200P8596T,P1241
FP3200P8599T,P1241
FP3200P8608T,P1241
FP3200P8630T,P1241
FP3200P8631T,P1241
FP3200P8633T,P1241
FP3200P8640T,P1241
FP3200P8647T,P1241
FP3200P8650T,P1241
FP3200P8651T,P1241
FP3200P8668T,P1241
FP3200P8674T,P1241
FP3200P8678T,P1241
FP3200P8679T,P1241
FP3200P8680T,P1241
FP3200P8681T,P1241
FP3200P8682T,P1241
FP3200P8683T,P1241
FP3200P8684T,P1241
FP3200P8685T,P1241
FP3200P8695T,P1241
FP3200P8707T,P1241
FP3200P8708T,P1241
FP3200P8713T,P1241
FP3200P8719T,P1241
FP3200P8721T,P1241
FP3200P8739T,P1241
FP3200P8745T,P1241
FP3200P8750T,P1241
FP3200P8752T,P1241
FP3200P8753T,P1241
FP3200P8764T,P1241
FP3200P8765T,P1241
FP3200P8768T,P1241
FP3200P8771T,P1241
FP3200P8772T,P1241
FP3200P8781T,P1241
FP3200P8796T,P1241
FP3200P8808T,P1241
FP3200P8822T,P1241
FP3200P8845T,P1241
FP3200P8846T,P1241
FP3200P8847T,P1241
FP3200P8850T,P1241
FP3200P8853T,P1241
FP3200P8854T,P1241
FP3200P8856T,P1241
FP3200P8860T,P1241
FP3200P8868T,P1241
FP3200P8876T,P1241
FP3200P8880T,P1241
FP3200P8891T,P1241
FP3200P8892T,P1241
FP3200P8894T,P1241
FP3200P8896T,P1241
FP3200P8900T,P1241
FP3200P8901T,P1241
FP3200P8903T,P1241
FP3200P8904T,P1241
FP3200P8906T,P1241
FP3200P8907T,P1241
FP3200P8917T,P1241
FP3200P8918T,P1241
FP3200P8920T,P1241
FP3200P8921T,P1241
FP3200P8934T,P1241
FP3200P8936T,P1241
FP3200P8937T,P1241
FP3200P8938T,P1241
FP3200P8939T,P1241
FP3200P8940T,P1241
FP3200P8941T,P1241
FP3200P8949T,P1241
FP3200P8950T,P1241
FP3200P8951T,P1241
FP3200P8952T,P1241
FP3200P8953T,P1241
FP3200P8957T,P1241
FP3200P8958T,P1241
FP3200P8961T,P1241
FP3200P8968T,P1241
FP3200P8970T,P1241
FP3200P9141T,P1241
FP3200P9142T,P1241
FP3200P9145T,P1241
FP3200P9147T,P1241
FP3200P9151T,P1241
FP3200P9152T,P1241
FP3200P9156T,P1241
FP3200P9161T,P1241
FP3200P9162T,P1241
FP3200P9186T,P1241
FP3200P9187T,P1241
FP3200P9188T,P1241
FP3200P9191T,P1241
FP3200P9192T,P1241
FP3200P9193T,P1241
FP3200P9267T,P1241
FP3200P9268T,P1241
FP3200P9269T,P1241
FP3200P9271T,P1241
FP3200P9272T,P1241
FP3200P9273T,P1241
FP3200P9274T,P1241
FP3200P9275T,P1241
FP3200P9277T,P1241
FP3200P9278T,P1241
FP3200P9282T,P1241
FP3200P9283T,P1241
FP3200P9285T,P1241
FP3200P9289T,P1241
FP3200P9290T,P1241
FP3200P9291T,P1241
FP3200P9293T,P1241
FP3200P9299T,P1241
FP3200P9300T,P1241
FP3200P9302T,P1241
FP3200P9303T,P1241
FP3200P9304T,P1241
FP3200P9306T,P1241
FP3200P9307T,P1241
FP3200P9309T,P1241
FP3200P9316T,P1241
FP3200P9317T,P1241
FP3200P9318T,P1241
FP3200P9319T,P1241
FP3200P9320T,P1241
FP3200P9321T,P1241
FP3200P9322T,P1241
FP3200P9324T,P1241
FP3200P9329T,P1241
FP3200P9330T,P1241
FP3200P9331T,P1241
FP3200P9334T,P1241
FP3200P9335T,P1241
FP3200P9337T,P1241
FP3200P9338T,P1241
FP3200P9339T,P1241
FP3200P9340T,P1241
FP3200P9344T,P1241
FP3200P9345T,P1241
FP3200P9346T,P1241
FP3200P9348T,P1241
FP3200P9349T,P1241
FP3200P9350T,P1241
FP3200P9351T,P1241
FP3200P9353T,P1241
FP3200P9355T,P1241
FP3200P9357T,P1241
FP3200P9359T,P1241
FP3200P9361T,S1238
FP3200P9362T,S1238
FP3200P9363T,S1238
FP3200P9365T,S1238
FP3200P9368T,S1238
FP3200P9369T,S1238
FP3200P9370T,S1238
FP3200P9373T,S1238
FP3200P9374T,S1238
FP3200P9377T,S1238
FP3200P9382T,S1238
FP3200P9384T,S1238
FP3200P9385T,S1238
FP3200P9387T,S1238
FP3200P9389T,S1238
FP3201P0500T,S1238
FP3201P0501T,S1238
FP3201P0502T,S1238
FP3201P0503T,S1238
FP3201P0504T,S1238
FP3201P0505T,S1238
FP3201P0533T,S1238
FP3201P0544T,S1238
FP3201P0545T,S1238
FP3201P0551T,S1238
FP3201P0554T,S1238
FP3201P0555T,S1238
FP3201P0560T,S1238
FP3201P0562T,S1238
FP3201P0569T,S1238
FP3201P0602T,S1239
FP3201P1382T,S1239
FP3201P3032T,S1239
FP3201P3037T,S1239
FP3201P3038T,S1239
FP3201P3039T,S1239
FP3201P3040T,S1239
FP3201P3041T,S1239
FP3201P3042T,S1239
FP3201P3044T,S1239
FP3201P3045T,S1239
FP3201P3046T,S1239
FP3201P3662T,S1239
FP3201P3663T,S1239
FP3201P3664T,S1239
FP3201P3665T,S1239
FP3201P3669T,S1239
FP3201P3670T,S1239
FP3201P3671T,S1239
FP3201P3672T,S1239
FP3201P3673T,S1239
FP3201P3674T,S1239
FP3201P3675T,S1239
FP3201P4106T,S1240
FP3201P4107T,S1240
FP3201P4108T,S1240
FP3201P4109T,S1240
FP3201P4111T,S1240
FP3201P4113T,S1240
FP3201P4114T,S1240
FP3201P4115T,S1240
FP3201P4116T,S1240
FP3201P4117T,S1240
FP3201P4118T,S1240
FP3201P4119T,S1240
FP3201P4120T,S1240
FP3201P4130T,S1240
FP3201P4131T,S1240
FP3201P4132T,S1240
FP3201P4133T,S1240
FP3201P4134T,S1240
FP3201P4135T,S1240
FP3201P4173T,S1240
FP3201P4174T,S1240
FP3201P4175T,S1240
FP3201P4176T,S1240
FP3201P4177T,S1240
FP3201P4191T,S1240
FP3201P4192T,S1240
FP3201P4258T,S1240
FP3201P4259T,S1240
FP3201P4271T,S1240
FP3201P4272T,S1254
FP3201P4273T,S1254
FP3201P4283T,S1254
FP3201P4308T,S1254
FP3201P4309T,S1254
FP3201P4318T,S1254
FP3201P4322T,S1254
FP3201P4346T,S1254
FP3201P4347T,S1254
FP3201P4357T,S1254
FP3201P4358T,S1254
FP3201P4359T,S1254
FP3201P4360T,S1254
FP3201P4361T,S1254
FP3201P4362T,S1254
FP3201P4363T,S1254
FP3201P4439T,S1254
FP3201P4570T,S1254
FP3201P4577T,S1254
FP3201P4578T,S1254
FP3201P4579T,S1241
FP3201P4635T,S1241
FP3201P4690T,S1241
FP3201P4691T,S1241
FP3201P4692T,S1241
FP3201P4693T,S1241
FP3201P4694T,S1241
FP3201P4695T,S1241
FP3201P4789T,S1241
FP3201P4790T,S1241
FP3201P4797T,S1241
FP3201P4845T,S1241
FP3201P4846T,S1241
FP3201P4847T,S1241
FP3201P4918T,S1241
FP3201P4919T,S1241
FP3201P4974T,S1241
FP3201P4976T,S1241
FP3201P4979T,S1241
FP3201P5020T,S1241
FP3201P5044T,S1241
FP3201P5118T,S1241
FP3201P5120T,S1241
FP3201P5211T,S1241
FP3201P5212T,S1241
FP3201P5213T,S1241
FP3201P5214T,S1241
FP3201P5310T,S1241
FP3201P5311T,S1241
FP3201P5312T,S1241
FP3201P5344T,S1241
FP3201P5345T,S1241
FP3201P5346T,S1241
FP3201P5347T,S1241
FP3201P5369T,S1241
FP3201P5427T,S1241
FP3201P5429T,S1241
FP3201P5430T,S1241
FP3201P5431T,S1241
FP3201P5450T,S1241
FP3201P5451T,S1241
FP3201P5452T,S1241
FP3201P5500T,S1241
FP3201P5501T,S1241
FP3201P5505T,S1241
FP3201P5517T,S1241
FP3201P5518T,S1241
FP3201P5651T,S1241
FP3201P5652T,S1241
FP3201P5653T,S1241
FP3201P5655T,S1241
FP3201P5657T,S1241
FP3201P5690T,S1241
FP3201P5691T,S1241
FP3201P5692T,S1241
FP3201P5693T,S1241
FP3201P5701T,S1241
FP3201P5702T,S1241
FP3201P5751T,S1241
FP3201P5778T,S1241
FP3201P5802T,S1241
FP3201P5804T,S1241
FP3201P5805T,S1241
FP3201P5849T,S1241
FP3201P5862T,S1241
FP3201P5863T,S1241
FP3201P5864T,S1241
FP3201P5869T,S1241
FP3201P5870T,S1241
FP3201P5874T,S1241
FP3201P5875T,S1241
FP3201P5882T,S1241
FP3201P5885T,S1241
FP3201P5887T,S1241
FP3201P5913T,S1241
FP3201P5931T,S1241
FP3201P5932T,S1241
FP3201P5948T,S1241
FP3201P5949T,S1242
FP3201P5956T,S1242
FP3201P5957T,S1242
FP3201P5967T,S1242
FP3201P5968T,S1242
FP3201P6014T,S1242
FP3201P6015T,S1242
FP3201P6021T,S1242
FP3201P6035T,S1242
FP3201P6055T,S1242
FP3201P6079T,S1242
FP3201P6080T,S1242
FP3201P6083T,S1242
FP3201P6087T,S1242
FP3201P6088T,S1242
FP3201P6112T,S1242
FP3201P6114T,S1242
FP3201P6115T,S1242
FP3201P6120T,S1242
FP3201P6121T,S1242
FP3201P6124T,S1242
FP3201P6127T,S1242
FP3201P6128T,S1242
FP3201P6129T,S1242
FP3201P6136T,S1242
FP3201P6141T,S1242
FP3201P6166T,S1242
FP3201P6167T,S1242
FP3201P6168T,S1242
FP3201P6169T,S1242
FP3201P6199T,S1242
FP3201P6212T,S1242
FP3201P6213T,S1242
FP3201P6214T,S1242
FP3201P6241T,S1242
FP3201P6337T,S1243
FP3201P6338T,S1243
FP3201P6339T,S1243
FP3201P6403T,S1243
FP3201P6405T,S1243
FP3201P6466T,S1243
FP3201P6557T,S1243
FP3201P6559T,S1243
FP3201P6634T,S1243
FP3201P6635T,S1243
FP3201P6636T,S1243
FP3201P6639T,S1243
FP3201P6651T,S1243
FP3201P6652T,S1243
FP3201P6667T,S1243
FP3201P6668T,S1243
FP3201P6669T,S1243
FP3201P6670T,S1243
FP3201P6735T,S1243
FP3201P6737T,S1243
FP3201P6738T,S1243
FP3201P6739T,S1243
FP3201P6740T,S1244
FP3201P6828T,S1244
FP3201P6834T,S1244
FP3201P6837T,S1244
FP3201P6838T,S1244
FP3201P6897T,S1244
FP3201P6898T,S1244
FP3201P6936T,S1244
FP3201P6957T,S1244
FP3201P7014T,S1244
FP3201P7048T,S1244
FP3201P7081T,S1244
FP3201P7083T,S1244
FP3201P7131T,S1244
FP3201P7132T,S1244
FP3201P7171T,S1244
FP3201P7201T,S1244
FP3201P7202T,S1244
FP3201P7211T,S1244
FP3201P7225T,S1244
FP3201P7226T,S1245
FP3201P7284T,S1245
FP3201P7291T,S1245
FP3201P7292T,S1245
FP3201P7293T,S1245
FP3201P7339T,S1245
FP3201P7340T,S1245
FP3201P7361T,S1245
FP3201P7362T,S1245
FP3201P7412T,S1245
FP3201P7608T,S1245
FP3201P7722T,S1245
FP3201P7724T,S1245
FP3201P7759T,S1245
FP3201P7760T,S1245
FP3201P7823T,S1245
FP3201P7996T,S1245
FP3201P7997T,S1245
FP3201P8087T,S1246
FP3201P8089T,S1246
FP3201P8091T,S1246
FP3201P8121T,S1246
FP3201P8122T,S1246
FP3201P8123T,S1246
FP3201P8146T,S1246
FP3201P8151T,S1246
FP3201P8181T,S1246
FP3201P8222T,S1246
FP3201P8283T,S1246
FP3201P8284T,S1246
FP3201P8287T,S1246
FP3201P8300T,S1246
FP3201P8307T,S1246
FP3201P8308T,S1246
FP3201P8313T,S1247
FP3201P8405T,S1247
FP3201P8406T,S1247
FP3201P8435T,S1247
FP3201P8442T,S1247
FP3201P8445T,S1247
FP3201P8593T,S1247
FP3201P8595T,S1247
FP3201P8649T,S1247
FP3201P8906T,S1247
FP3201P8981T,S1247
FP3201P8982T,S1247
FP3201P8994T,S1247
FP3201P8995T,S1247
FP3201P9129T,S1247
FP3201P9130T,S1247
FP3201P9161T,S1247
FP3201P9162T,S1247
FP3201P9166T,S1247
FP3201P9167T,S1247
FP3201P9204T,S1247
FP3201P9406T,S1247
FP3201P9423T,S1247
FP3201P9438T,S1247
FP3201P9482T,S1247
FP3201P9503T,S1247
FP3201P9581T,S1247
FP3201P9661T,S1247
FP3201P9735T,S1247
FP3201P9772T,S1247
FP3201P9781T,S1247
FP3201P9821T,S1248
FP3201P9822T,S1248
FP3201P9839T,S1248
FP3201P9840T,S1248
FP3201P9861T,S1248
FP3201P9862T,S1249
FP3201P9863T,S1249
FP3201P9926T,S1249
FP3201P9927T,S1249
FP3201P9929T,S1250
FP3202P0072T,S1250
FP3202P0291T,S1250
FP3202P0292T,S1250
FP3202P0293T,S1251
FP3202P0294T,S1251
FP3202P0391T,S1251
FP3202P0496T,S1251
FP3202P0498T,S1252
FP3202P0618T,S1252
FP3202P0716T,S1252
FP3202P0724T,S1252
FP3202P0727T,S1253
FP3202P1036T,S1253
FP3202P1037T,S1253
FP3202P1038T,S1253
FP3202P1039T,S1253
FP3202P1101T,S1253
FP3200P5433T,S1253
FP3200P5441T,S1253
FP3200P5442T,S1253
FP3200P5446T,S1253
FP3200P5448T,S1253
FP3200P5449T,S1253
FP3200P5464T,S1253
FP3200P5466T,S1251
FP3200P5476T,S1251
FP3200P5483T,S1251
FP3200P5511T,S1251
FP3200P5520T,S1249
FP3200P5521T,S1249
FP3200P5525T,S1249
FP3200P5526T,S1249
